plugin,plugin_class,method,kind,signature,description,implemented_by_tools,status,priority,firmware_notes
action,Action,arm,async call,(),Send command to arm the drone.,arm_drone,implemented,,
action,Action,arm_force,async call,(),Send command to force-arm the drone without any checks.,,missing,,
action,Action,disarm,async call,(),Send command to disarm the drone.,disarm_drone,implemented,,
action,Action,do_orbit,async call,"(radius_m, velocity_ms, yaw_behavior, latitude_deg, longitude_deg, absolute_altitude_m)",Send command do orbit to the drone.,,missing,,
action,Action,get_return_to_launch_altitude,async call,(),Get the return to launch minimum return altitude (in meters).,,missing,,
action,Action,get_takeoff_altitude,async call,(),Get the takeoff altitude (in meters above ground).,,missing,,
action,Action,goto_location,async call,"(latitude_deg, longitude_deg, absolute_altitude_m, yaw_deg)",Send command to move the vehicle to a specific global position.,"go_to_location, hold_mission_position, hold_position, move_to_relative, reposition, set_flight_mode, set_yaw",implemented,,
action,Action,hold,async call,(),"Send command to hold position (a.k.a. ""Loiter"").",set_flight_mode,implemented,,
action,Action,kill,async call,(),Send command to kill the drone.,kill_motors,implemented,,
action,Action,land,async call,(),Send command to land at the current position.,"land, monitor_flight, set_flight_mode",implemented,,
action,Action,reboot,async call,(),Send command to reboot the drone components.,,missing,,
action,Action,return_to_launch,async call,(),Send command to return to the launch (takeoff) position and land.,"return_to_launch, set_flight_mode",implemented,,
action,Action,set_actuator,async call,"(index, value)",Send command to set the value of an actuator.,,missing,,
action,Action,set_current_speed,async call,(speed_m_s),Set current speed.,,missing,,
action,Action,set_return_to_launch_altitude,async call,(relative_altitude_m),Set the return to launch minimum return altitude (in meters).,,missing,,
action,Action,set_takeoff_altitude,async call,(altitude),Set takeoff altitude (in meters above ground).,takeoff,implemented,,
action,Action,shutdown,async call,(),Send command to shut down the drone components.,,missing,,
action,Action,takeoff,async call,(),Send command to take off and hover.,takeoff,implemented,,
action,Action,terminate,async call,(),Send command to terminate the drone.,,missing,,
action,Action,transition_to_fixedwing,async call,(),Send command to transition the drone to fixedwing.,,missing,,
action,Action,transition_to_multicopter,async call,(),Send command to transition the drone to multicopter.,,missing,,
action_server,ActionServer,arm_disarm,stream (async generator),(),Subscribe to ARM/DISARM commands,,candidate-N/A,,
action_server,ActionServer,flight_mode_change,stream (async generator),(),Subscribe to DO_SET_MODE,,candidate-N/A,,
action_server,ActionServer,get_allowable_flight_modes,async call,(),Get which modes the vehicle can transition to (Manual always allowed),,candidate-N/A,,
action_server,ActionServer,land,stream (async generator),(),Subscribe to land command,,candidate-N/A,,
action_server,ActionServer,reboot,stream (async generator),(),Subscribe to reboot command,,candidate-N/A,,
action_server,ActionServer,set_allow_takeoff,async call,(allow_takeoff),Can the vehicle takeoff,,candidate-N/A,,
action_server,ActionServer,set_allowable_flight_modes,async call,(flight_modes),Set which modes the vehicle can transition to (Manual always allowed),,candidate-N/A,,
action_server,ActionServer,set_armable,async call,"(armable, force_armable)",Can the vehicle arm when requested,,candidate-N/A,,
action_server,ActionServer,set_disarmable,async call,"(disarmable, force_disarmable)",Can the vehicle disarm when requested,,candidate-N/A,,
action_server,ActionServer,shutdown,stream (async generator),(),Subscribe to shutdown command,,candidate-N/A,,
action_server,ActionServer,takeoff,stream (async generator),(),Subscribe to takeoff command,,candidate-N/A,,
action_server,ActionServer,terminate,stream (async generator),(),Subscribe to terminate command,,candidate-N/A,,
calibration,Calibration,calibrate_accelerometer,stream (async generator),(),Perform accelerometer calibration.,,missing,P2,
calibration,Calibration,calibrate_gimbal_accelerometer,stream (async generator),(),Perform gimbal accelerometer calibration.,,missing,P2,
calibration,Calibration,calibrate_gyro,stream (async generator),(),Perform gyro calibration.,,missing,P2,
calibration,Calibration,calibrate_level_horizon,stream (async generator),(),Perform board level horizon calibration.,,missing,P2,
calibration,Calibration,calibrate_magnetometer,stream (async generator),(),Perform magnetometer calibration.,,missing,P2,
calibration,Calibration,cancel,async call,(),Cancel ongoing calibration process.,,missing,P2,
camera,Camera,camera_list,stream (async generator),(),Subscribe to list of cameras.,list_cameras,implemented,P1,ArduCopter 4.5.7 SITL: works at protocol level - returns empty list (plain SITL has no camera backend). Untestable-in-SITL beyond discovery; needs PX4+gazebo or a camera component.
camera,Camera,capture_info,stream (async generator),(),Subscribe to capture info updates.,camera_capture,implemented,P1,
camera,Camera,current_settings,stream (async generator),(),Get the list of current camera settings.,,candidate-N/A,P1,Subscription stream duplicating get_current_settings; redundant for a polling MCP server. Revisit for Phase 4 MCP notifications.
camera,Camera,focus_in_start,async call,(component_id),Start focusing in.,camera_zoom_focus,implemented,P1,
camera,Camera,focus_out_start,async call,(component_id),Start focusing out.,camera_zoom_focus,implemented,P1,
camera,Camera,focus_range,async call,"(component_id, range)",Focus with range value of full range (value between 0.0 and 100.0).,camera_zoom_focus,implemented,P1,
camera,Camera,focus_stop,async call,(component_id),Stop focus.,camera_zoom_focus,implemented,P1,
camera,Camera,format_storage,async call,"(component_id, storage_id)",Format storage (e.g. SD card) in camera.,camera_storage,implemented,P1,
camera,Camera,get_current_settings,async call,(component_id),Get current settings.,camera_settings,implemented,P1,
camera,Camera,get_mode,async call,(component_id),Get camera mode.,camera_settings,implemented,P1,ArduCopter 4.5.7 SITL: returns UNKNOWN (no camera backend). Untestable beyond that.
camera,Camera,get_possible_setting_options,async call,(component_id),Get possible setting options.,camera_settings,implemented,P1,
camera,Camera,get_setting,async call,"(component_id, setting)",Get a setting.,camera_settings,implemented,P1,
camera,Camera,get_storage,async call,(component_id),Get camera's storage status.,camera_storage,implemented,P1,ArduCopter 4.5.7 SITL: untestable - no camera backend; observed CameraError UNAVAILABLE.
camera,Camera,get_video_stream_info,async call,(component_id),Get video stream info.,camera_capture,implemented,P1,
camera,Camera,list_photos,async call,"(component_id, photos_range)",List photos available on the camera.,camera_storage,implemented,P1,
camera,Camera,mode,stream (async generator),(),Subscribe to camera mode updates.,,candidate-N/A,P1,Subscription stream duplicating get_mode; redundant for a polling MCP server. Revisit for Phase 4 MCP notifications.
camera,Camera,possible_setting_options,stream (async generator),(),Get the list of settings that can be changed.,,candidate-N/A,P1,Subscription stream duplicating get_possible_setting_options; redundant for a polling MCP server. Revisit for Phase 4 MCP notifications.
camera,Camera,reset_settings,async call,(component_id),Reset all settings in camera.,camera_settings,implemented,P1,
camera,Camera,set_mode,async call,"(component_id, mode)",Set camera mode.,camera_settings,implemented,P1,
camera,Camera,set_setting,async call,"(component_id, setting)",Set a setting to some value.,camera_settings,implemented,P1,
camera,Camera,start_photo_interval,async call,"(component_id, interval_s)",Start photo timelapse with a given interval.,camera_capture,implemented,P1,
camera,Camera,start_video,async call,(component_id),Start a video recording.,camera_capture,implemented,P1,ArduCopter 4.5.7 SITL: untestable - no camera backend; observed CameraError TIMEOUT.
camera,Camera,start_video_streaming,async call,"(component_id, stream_id)",Start video streaming.,camera_capture,implemented,P1,
camera,Camera,stop_photo_interval,async call,(component_id),Stop a running photo timelapse.,camera_capture,implemented,P1,
camera,Camera,stop_video,async call,(component_id),Stop a running video recording.,camera_capture,implemented,P1,
camera,Camera,stop_video_streaming,async call,"(component_id, stream_id)",Stop current video streaming.,camera_capture,implemented,P1,
camera,Camera,storage,stream (async generator),(),Subscribe to camera's storage status updates.,,candidate-N/A,P1,Subscription stream duplicating get_storage; redundant for a polling MCP server. Revisit for Phase 4 MCP notifications.
camera,Camera,take_photo,async call,(component_id),Take one photo.,camera_capture,implemented,P1,ArduCopter 4.5.7 SITL: untestable - no camera backend; observed CameraError TIMEOUT. Not evidence of firmware unsupport.
camera,Camera,track_point,async call,"(component_id, point_x, point_y, radius)",Track point.,camera_tracking,implemented,P1,
camera,Camera,track_rectangle,async call,"(component_id, top_left_x, top_left_y, bottom_right_x, bottom_right_y)",Track rectangle.,camera_tracking,implemented,P1,
camera,Camera,track_stop,async call,(component_id),Stop tracking.,camera_tracking,implemented,P1,
camera,Camera,video_stream_info,stream (async generator),(),Subscribe to video stream info updates.,,candidate-N/A,P1,Subscription stream duplicating get_video_stream_info; redundant for a polling MCP server. Revisit for Phase 4 MCP notifications.
camera,Camera,zoom_in_start,async call,(component_id),Start zooming in.,camera_zoom_focus,implemented,P1,
camera,Camera,zoom_out_start,async call,(component_id),Start zooming out.,camera_zoom_focus,implemented,P1,
camera,Camera,zoom_range,async call,"(component_id, range)",Zoom to value as proportion of full camera range (percentage between 0.0 and 100.0).,camera_zoom_focus,implemented,P1,
camera,Camera,zoom_stop,async call,(component_id),Stop zooming.,camera_zoom_focus,implemented,P1,
camera_server,CameraServer,capture_status,stream (async generator),(),Subscribe to camera capture status requests. Each request received should response to using RespondCaptureStatus,,candidate-N/A,,
camera_server,CameraServer,format_storage,stream (async generator),(),Subscribe to format storage requests. Each request received should response to using RespondFormatStorage,,candidate-N/A,,
camera_server,CameraServer,reset_settings,stream (async generator),(),Subscribe to reset settings requests. Each request received should response to using RespondResetSettings,,candidate-N/A,,
camera_server,CameraServer,respond_capture_status,async call,"(capture_status_feedback, capture_status)",Respond to camera capture status from SubscribeCaptureStatus.,,candidate-N/A,,
camera_server,CameraServer,respond_format_storage,async call,(format_storage_feedback),Respond to format storage from SubscribeFormatStorage.,,candidate-N/A,,
camera_server,CameraServer,respond_reset_settings,async call,(reset_settings_feedback),Respond to reset settings from SubscribeResetSettings.,,candidate-N/A,,
camera_server,CameraServer,respond_set_mode,async call,(set_mode_feedback),Respond to set camera mode from SubscribeSetMode.,,candidate-N/A,,
camera_server,CameraServer,respond_start_video,async call,(start_video_feedback),Subscribe to stop video requests. Each request received should respond using StopVideoResponse,,candidate-N/A,,
camera_server,CameraServer,respond_start_video_streaming,async call,(start_video_streaming_feedback),Respond to start video streaming from SubscribeStartVideoStreaming.,,candidate-N/A,,
camera_server,CameraServer,respond_stop_video,async call,(stop_video_feedback),Respond to stop video request from SubscribeStopVideo.,,candidate-N/A,,
camera_server,CameraServer,respond_stop_video_streaming,async call,(stop_video_streaming_feedback),Respond to stop video streaming from SubscribeStopVideoStreaming.,,candidate-N/A,,
camera_server,CameraServer,respond_storage_information,async call,"(storage_information_feedback, storage_information)",Respond to camera storage information from SubscribeStorageInformation.,,candidate-N/A,,
camera_server,CameraServer,respond_take_photo,async call,"(take_photo_feedback, capture_info)",Respond to an image capture request from SubscribeTakePhoto.,,candidate-N/A,,
camera_server,CameraServer,respond_tracking_off_command,async call,(stop_video_feedback),Respond to an incoming tracking off command.,,candidate-N/A,,
camera_server,CameraServer,respond_tracking_point_command,async call,(stop_video_feedback),Respond to an incoming tracking point command.,,candidate-N/A,,
camera_server,CameraServer,respond_tracking_rectangle_command,async call,(stop_video_feedback),Respond to an incoming tracking rectangle command.,,candidate-N/A,,
camera_server,CameraServer,respond_zoom_in_start,async call,(zoom_in_start_feedback),Respond to zoom in start.,,candidate-N/A,,
camera_server,CameraServer,respond_zoom_out_start,async call,(zoom_out_start_feedback),Respond to zoom out start.,,candidate-N/A,,
camera_server,CameraServer,respond_zoom_range,async call,(zoom_range_feedback),Respond to zoom range.,,candidate-N/A,,
camera_server,CameraServer,respond_zoom_stop,async call,(zoom_stop_feedback),Respond to zoom stop.,,candidate-N/A,,
camera_server,CameraServer,set_in_progress,async call,(in_progress),Sets image capture in progress status flags. This should be set to true when the camera is busy taking a photo and false when it is done.,,candidate-N/A,,
camera_server,CameraServer,set_information,async call,(information),Sets the camera information. This must be called as soon as the camera server is created.,,candidate-N/A,,
camera_server,CameraServer,set_mode,stream (async generator),(),Subscribe to set camera mode requests. Each request received should response to using RespondSetMode,,candidate-N/A,,
camera_server,CameraServer,set_tracking_off_status,async call,(),Set the current tracking status to off.,,candidate-N/A,,
camera_server,CameraServer,set_tracking_rectangle_status,async call,(tracked_rectangle),Set/update the current rectangle tracking status.,,candidate-N/A,,
camera_server,CameraServer,set_video_streaming,async call,(video_streaming),Sets video streaming settings.,,candidate-N/A,,
camera_server,CameraServer,start_video,stream (async generator),(),Subscribe to start video requests. Each request received should respond to using RespondStartVideo,,candidate-N/A,,
camera_server,CameraServer,start_video_streaming,stream (async generator),(),Subscribe to start video streaming requests. Each request received should response to using RespondStartVideoStreaming,,candidate-N/A,,
camera_server,CameraServer,stop_video,stream (async generator),(),Subscribe to stop video requests. Each request received should response to using RespondStopVideo,,candidate-N/A,,
camera_server,CameraServer,stop_video_streaming,stream (async generator),(),Subscribe to stop video streaming requests. Each request received should response to using RespondStopVideoStreaming,,candidate-N/A,,
camera_server,CameraServer,storage_information,stream (async generator),(),Subscribe to camera storage information requests. Each request received should response to using RespondStorageInformation,,candidate-N/A,,
camera_server,CameraServer,take_photo,stream (async generator),(),Subscribe to image capture requests. Each request received should respond to using RespondTakePhoto.,,candidate-N/A,,
camera_server,CameraServer,tracking_off_command,stream (async generator),(),Subscribe to incoming tracking off command.,,candidate-N/A,,
camera_server,CameraServer,tracking_point_command,stream (async generator),(),Subscribe to incoming tracking point command.,,candidate-N/A,,
camera_server,CameraServer,tracking_rectangle_command,stream (async generator),(),Subscribe to incoming tracking rectangle command.,,candidate-N/A,,
camera_server,CameraServer,zoom_in_start,stream (async generator),(),Subscribe to zoom in start command,,candidate-N/A,,
camera_server,CameraServer,zoom_out_start,stream (async generator),(),Subscribe to zoom out start command,,candidate-N/A,,
camera_server,CameraServer,zoom_range,stream (async generator),(),Subscribe to zoom range command,,candidate-N/A,,
camera_server,CameraServer,zoom_stop,stream (async generator),(),Subscribe to zoom stop command,,candidate-N/A,,
component_information,ComponentInformation,access_float_params,async call,(),List available float params.,,missing,,
component_information,ComponentInformation,float_param,stream (async generator),(),Subscribe to float param changes/updates.,,missing,,
component_information_server,ComponentInformationServer,float_param,stream (async generator),(),Subscribe to float param updates.,,candidate-N/A,,
component_information_server,ComponentInformationServer,provide_float_param,async call,(param),Provide a param of type float.,,candidate-N/A,,
core,Core,connection_state,stream (async generator),(),Subscribe to 'connection state' updates.,[infra: connect_drone_background],implemented,,
core,Core,set_mavlink_timeout,async call,(timeout_s),Set timeout of MAVLink transfers.,,missing,,
failure,Failure,inject,async call,"(failure_unit, failure_type, instance)",Injects a failure.,,missing,P2,
follow_me,FollowMe,get_config,async call,(),Get current configuration.,,missing,P2,
follow_me,FollowMe,get_last_location,async call,(),Get the last location of the target.,,missing,P2,
follow_me,FollowMe,is_active,async call,(),Check if FollowMe is active.,,missing,P2,
follow_me,FollowMe,set_config,async call,(config),Apply configuration by sending it to the system.,,missing,P2,
follow_me,FollowMe,set_target_location,async call,(location),Set location of the moving target.,,missing,P2,
follow_me,FollowMe,start,async call,(),Start FollowMe mode.,,missing,P2,
follow_me,FollowMe,stop,async call,(),Stop FollowMe mode.,,missing,P2,
ftp,Ftp,are_files_identical,async call,"(local_file_path, remote_file_path)",Compares a local file to a remote file using a CRC32 checksum.,,missing,P2,
ftp,Ftp,create_directory,async call,(remote_dir),Creates a remote directory.,,missing,P2,
ftp,Ftp,download,stream (async generator),"(remote_file_path, local_dir, use_burst)",Downloads a file to local directory.,,missing,P2,
ftp,Ftp,list_directory,async call,(remote_dir),Lists items from a remote directory.,,missing,P2,
ftp,Ftp,remove_directory,async call,(remote_dir),Removes a remote directory.,,missing,P2,
ftp,Ftp,remove_file,async call,(remote_file_path),Removes a remote file.,,missing,P2,
ftp,Ftp,rename,async call,"(remote_from_path, remote_to_path)",Renames a remote file or remote directory.,,missing,P2,
ftp,Ftp,set_target_compid,async call,(compid),Set target component ID. By default it is the autopilot.,,missing,P2,
ftp,Ftp,upload,stream (async generator),"(local_file_path, remote_dir)",Uploads local file to remote directory.,,missing,P2,
geofence,Geofence,clear_geofence,async call,(),Clear all geofences saved on the vehicle.,clear_geofence,implemented,P0,ArduCopter 4.5.7 SITL: works. PX4: untested (SITL pending).
geofence,Geofence,upload_geofence,async call,(geofence_data),Upload geofences.,upload_geofence,implemented,P0,ArduCopter 4.5.7 SITL: works - polygon and circle (inclusion) uploads accepted via fence mission protocol; enforcement additionally requires FENCE_ENABLE=1. PX4: untested (SITL pending).
gimbal,Gimbal,attitude,stream (async generator),(),Subscribe to attitude updates.,,candidate-N/A,P1,Subscription stream duplicating get_attitude; redundant for a polling MCP server. Revisit for Phase 4 MCP notifications.
gimbal,Gimbal,control_status,stream (async generator),(),Subscribe to control status updates.,,candidate-N/A,P1,Subscription stream duplicating get_control_status; redundant for a polling MCP server. Revisit for Phase 4 MCP notifications.
gimbal,Gimbal,get_attitude,async call,(gimbal_id),Get attitude for specific gimbal.,gimbal_point,implemented,P1,ArduCopter 4.5.7 SITL (simulated mount): works - matches commanded angles. Invalid gimbal_id yields INVALID_ARGUMENT.
gimbal,Gimbal,get_control_status,async call,(gimbal_id),Get control status for specific gimbal.,gimbal_control,implemented,P1,ArduCopter 4.5.7 SITL (simulated mount): works - reports PRIMARY controller sysid/compid.
gimbal,Gimbal,gimbal_list,stream (async generator),(),Subscribe to list of gimbals.,list_gimbals,implemented,P1,ArduCopter 4.5.7 SITL (MNT1_TYPE=1 simulated mount): works - gimbal discovered with id=1.
gimbal,Gimbal,release_control,async call,(gimbal_id),Release control.,gimbal_control,implemented,P1,ArduCopter 4.5.7 SITL (simulated mount): works.
gimbal,Gimbal,set_angles,async call,"(gimbal_id, roll_deg, pitch_deg, yaw_deg, gimbal_mode, send_mode)","Set gimbal roll, pitch and yaw angles.",gimbal_point,implemented,P1,"ArduCopter 4.5.7 SITL (simulated mount): works - commanded pitch -45 deg, gimbal attitude confirmed -45.0 deg."
gimbal,Gimbal,set_angular_rates,async call,"(gimbal_id, roll_rate_deg_s, pitch_rate_deg_s, yaw_rate_deg_s, gimbal_mode, send_mode)",Set gimbal angular rates.,gimbal_point,implemented,P1,ArduCopter 4.5.7 SITL (simulated mount): accepted; rate tracking not quantitatively verified.
gimbal,Gimbal,set_roi_location,async call,"(gimbal_id, latitude_deg, longitude_deg, altitude_m)",Set gimbal region of interest (ROI).,gimbal_point,implemented,P1,ArduCopter 4.5.7 SITL (simulated mount): accepted; pointing behavior not quantitatively verified.
gimbal,Gimbal,take_control,async call,"(gimbal_id, control_mode)",Take control.,gimbal_control,implemented,P1,ArduCopter 4.5.7 SITL (simulated mount): works. Without a configured mount: GimbalError ERROR.
gripper,Gripper,grab,async call,(instance),Gripper grab cargo.,,missing,,
gripper,Gripper,release,async call,(instance),Gripper release cargo.,,missing,,
info,Info,flight_information,stream (async generator),(),Subscribe to 'flight information' updates.,,missing,,
info,Info,get_flight_information,async call,(),Get flight information of the system.,,missing,,
info,Info,get_identification,async call,(),Get the identification of the system.,,missing,,
info,Info,get_product,async call,(),Get product information of the system.,,missing,,
info,Info,get_speed_factor,async call,(),Get the speed factor of a simulation (with lockstep a simulation can run faster or slower than realtime).,,missing,,
info,Info,get_version,async call,(),Get the version information of the system.,,missing,,
log_files,LogFiles,download_log_file,stream (async generator),"(entry, path)",Download log file.,flight_logs,implemented,P1,"ArduCopter 4.5.7 SITL: untestable via MavSDK (get_entries fails, see above). PX4: untested (SITL pending)."
log_files,LogFiles,erase_all_log_files,async call,(),Erase all log files.,flight_logs,implemented,P1,ArduCopter 4.5.7 SITL: call accepted; erase effect not independently verified.
log_files,LogFiles,get_entries,async call,(),Get List of log files.,flight_logs,implemented,P1,"ArduCopter 4.5.7 SITL: MavSDK reports NO_LOGFILES although the autopilot answers LOG_REQUEST_LIST correctly (verified via pymavlink: num_logs=1, 1-based ids). MavSDK log_files expects PX4 0-based ids -> effectively PX4-only until fixed upstream."
manual_control,ManualControl,set_manual_control_input,async call,"(x, y, z, r)",Set manual control input,,missing,P2,
manual_control,ManualControl,start_altitude_control,async call,(),Start altitude control,,missing,P2,
manual_control,ManualControl,start_position_control,async call,(),Start position control using e.g. joystick input.,,missing,P2,
mission,Mission,cancel_mission_download,async call,(),Cancel an ongoing mission download.,,missing,,
mission,Mission,cancel_mission_upload,async call,(),Cancel an ongoing mission upload.,,missing,,
mission,Mission,clear_mission,async call,(),Clear the mission saved on the vehicle.,clear_mission,implemented,,
mission,Mission,download_mission,async call,(),Download a list of mission items from the system (asynchronous).,,missing,,
mission,Mission,download_mission_with_progress,stream (async generator),(),Download a list of mission items from the system (asynchronous) and report progress.,,missing,,
mission,Mission,get_return_to_launch_after_mission,async call,(),Get whether to trigger Return-to-Launch (RTL) after mission is complete.,,missing,,
mission,Mission,is_mission_finished,async call,(),Check if the mission has been finished.,is_mission_finished,implemented,,
mission,Mission,mission_progress,stream (async generator),(),Subscribe to mission progress updates.,"download_mission, hold_mission_position, is_mission_finished, print_mission_progress, resume_mission",implemented,,
mission,Mission,pause_mission,async call,(),Pause the mission.,,missing,,
mission,Mission,set_current_mission_item,async call,(index),Sets the mission item index to go to.,set_current_waypoint,implemented,,
mission,Mission,set_return_to_launch_after_mission,async call,(enable),Set whether to trigger Return-to-Launch (RTL) after the mission is complete.,initiate_mission,implemented,,
mission,Mission,start_mission,async call,(),Start the mission.,"initiate_mission, resume_mission",implemented,,
mission,Mission,upload_mission,async call,(mission_plan),Upload a list of mission items to the system.,,missing,,
mission,Mission,upload_mission_with_progress,stream (async generator),(mission_plan),Upload a list of mission items to the system and report upload progress.,,missing,,
mission_raw,MissionRaw,cancel_mission_download,async call,(),Cancel an ongoing mission download.,raw_mission_control,implemented,P1,ArduCopter 4.5.7 SITL: errors when no transfer is in progress (expected); mid-transfer cancel not separately verified.
mission_raw,MissionRaw,cancel_mission_upload,async call,(),Cancel an ongoing mission upload.,raw_mission_control,implemented,P1,ArduCopter 4.5.7 SITL: errors when no transfer is in progress (expected); mid-transfer cancel not separately verified.
mission_raw,MissionRaw,clear_mission,async call,(),Clear the mission saved on the vehicle.,raw_mission_control,implemented,P1,ArduCopter 4.5.7 SITL: works.
mission_raw,MissionRaw,download_geofence,async call,(),Download a list of raw geofence items from the system (asynchronous).,raw_geofence_transfer,implemented,P1,ArduCopter 4.5.7 SITL: works - returns fence items uploaded via the geofence plugin (cross-checked).
mission_raw,MissionRaw,download_mission,async call,(),Download a list of raw mission items from the system (asynchronous).,download_mission,implemented,P1,ArduCopter 4.5.7 SITL: works - round-trips uploaded items.
mission_raw,MissionRaw,download_rallypoints,async call,(),Download a list of raw rallypoint items from the system (asynchronous).,rally_points,implemented,P1,ArduCopter 4.5.7 SITL: works - round-trips uploaded rally points.
mission_raw,MissionRaw,import_qgroundcontrol_mission,async call,(qgc_plan_path),"Import a QGroundControl missions in JSON .plan format, from a file.",import_qgc_mission,implemented,P1,"Parsing is client-side in mavsdk_server (same code path as from_string, verified); file variant exercised via unit-level path handling."
mission_raw,MissionRaw,import_qgroundcontrol_mission_from_string,async call,(qgc_plan),"Import a QGroundControl missions in JSON .plan format, from a string.",import_qgc_mission,implemented,P1,ArduCopter 4.5.7 SITL: works - QGC .plan JSON parsed (client-side) and uploadable.
mission_raw,MissionRaw,mission_changed,stream (async generator),(),*,,candidate-N/A,P1,Notification stream; nothing to poll. Candidate for Phase 4 MCP notifications.
mission_raw,MissionRaw,mission_progress,stream (async generator),(),Subscribe to mission progress updates.,raw_mission_control,implemented,P1,"ArduCopter 4.5.7 SITL: works with caveats - emissions are event-driven (waypoint transitions), and a fresh subscription during the takeoff leg can report MISSION_CURRENT-derived total=1 instead of the uploaded item count (persistent pre-start subscription reported total=5 correctly; vehicle MISSION_COUNT verified 5 via pymavlink). Treat total as advisory on ArduPilot; tool exposes timeout_s."
mission_raw,MissionRaw,pause_mission,async call,(),Pause the mission.,raw_mission_control,implemented,P1,ArduCopter 4.5.7 SITL: works in flight (vehicle -> Loiter/HOLD). On ground/disarmed: no ack (timeout).
mission_raw,MissionRaw,set_current_mission_item,async call,(index),Sets the raw mission item index to go to.,raw_mission_control,implemented,P1,"ArduCopter 4.5.7 SITL: works once a mission is uploaded (indexes 0 and 2 verified on the ground). CAVEAT: mavsdk validates the index against its cached mission total, which can collapse to 1 mid-flight on ArduPilot (see mission_progress note) - higher indexes may then be rejected with INVALID_ARGUMENT."
mission_raw,MissionRaw,start_mission,async call,(),Start the mission.,raw_mission_control,implemented,P1,ArduCopter 4.5.7 SITL: works (one transient UNKNOWN ack observed immediately after arming; retry succeeds).
mission_raw,MissionRaw,upload_geofence,async call,(mission_items),Upload a list of geofence items to the system.,"import_qgc_mission, raw_geofence_transfer",implemented,P1,ArduCopter 4.5.7 SITL: accepted (raw fence items via mission protocol).
mission_raw,MissionRaw,upload_mission,async call,(mission_items),Upload a list of raw mission items to the system.,"import_qgc_mission, initiate_mission, upload_mission",implemented,P1,ArduCopter 4.5.7 SITL: works (v1 + QGC-imported items).
mission_raw,MissionRaw,upload_rally_points,async call,(mission_items),Upload a list of rally point items to the system.,"import_qgc_mission, rally_points",implemented,P1,"ArduCopter 4.5.7 SITL: works - GOTCHA: MavSDK requires first item current=1, else CURRENT_INVALID. Handled by the tool."
mission_raw_server,MissionRawServer,clear_all,stream (async generator),(),Subscribe when a MISSION_CLEAR_ALL is received,,candidate-N/A,,
mission_raw_server,MissionRawServer,current_item_changed,stream (async generator),(),Subscribe to when a new current item is set,,candidate-N/A,,
mission_raw_server,MissionRawServer,incoming_mission,stream (async generator),(),Subscribe to when a new mission is uploaded (asynchronous).,,candidate-N/A,,
mission_raw_server,MissionRawServer,set_current_item_complete,async call,(),Set Current item as completed,,candidate-N/A,,
mocap,Mocap,set_attitude_position_mocap,async call,(attitude_position_mocap),Send motion capture attitude and position.,,missing,,
mocap,Mocap,set_odometry,async call,(odometry),Send odometry information with an external interface.,,missing,,
mocap,Mocap,set_vision_position_estimate,async call,(vision_position_estimate),Send Global position/attitude estimate from a vision source.,,missing,,
offboard,Offboard,is_active,async call,(),Check if offboard control is active.,offboard_control,implemented,P0,ArduCopter 4.5.7 SITL: works - tracks start/stop correctly. PX4: untested (SITL pending).
offboard,Offboard,set_acceleration_ned,async call,(acceleration_ned),Set the acceleration in NED coordinates.,offboard_set_acceleration_ned,implemented,P0,ArduCopter 4.5.7 SITL: accepted (ArduCopter GUIDED supports acceleration targets since 4.3); effect not quantitatively verified. PX4: untested (SITL pending).
offboard,Offboard,set_actuator_control,async call,(actuator_control),Set direct actuator control values to groups #0 and #1.,offboard_set_actuator_control,implemented,P0,ArduCopter 4.5.7 SITL: RPC accepted but inert - ArduPilot has no SET_ACTUATOR_CONTROL_TARGET handler; treat as PX4-only. PX4: untested (SITL pending).
offboard,Offboard,set_attitude,async call,(attitude),"Set the attitude in terms of roll, pitch and yaw in degrees with thrust.",offboard_set_attitude,implemented,P0,"ArduCopter 4.5.7 SITL: works - commanded pitch -5 deg, telemetry confirmed -5.0 deg. PX4: untested (SITL pending)."
offboard,Offboard,set_attitude_rate,async call,(attitude_rate),"Set the attitude rate in terms of pitch, roll and yaw angular rate along with thrust.",offboard_set_attitude,implemented,P0,ArduCopter 4.5.7 SITL: accepted; rate tracking not quantitatively verified. PX4: untested (SITL pending).
offboard,Offboard,set_position_global,async call,(position_global_yaw),"Set the position in Global coordinates (latitude, longitude, altitude) and yaw",offboard_set_position_global,implemented,P0,ArduCopter 4.5.7 SITL: accepted; vehicle response not independently verified. PX4: untested (SITL pending).
offboard,Offboard,set_position_ned,async call,(position_ned_yaw),Set the position in NED coordinates and yaw.,offboard_set_position_ned,implemented,P0,ArduCopter 4.5.7 SITL: works - altitude target reached and held (verified 15 m). PX4: untested (SITL pending).
offboard,Offboard,set_position_velocity_acceleration_ned,async call,"(position_ned_yaw, velocity_ned_yaw, acceleration_ned)","Set the position, velocity and acceleration in NED coordinates, with velocity and acceleration used as feed-forward.",offboard_set_position_ned,implemented,P0,ArduCopter 4.5.7 SITL: accepted; feed-forward effect not independently verified. PX4: untested (SITL pending).
offboard,Offboard,set_position_velocity_ned,async call,"(position_ned_yaw, velocity_ned_yaw)","Set the position in NED coordinates, with the velocity to be used as feed-forward.",offboard_set_position_ned,implemented,P0,ArduCopter 4.5.7 SITL: accepted; feed-forward effect not independently verified. PX4: untested (SITL pending).
offboard,Offboard,set_velocity_body,async call,(velocity_body_yawspeed),Set the velocity in body coordinates and yaw angular rate. Not available for fixed-wing aircraft.,offboard_set_velocity_body,implemented,P0,"ArduCopter 4.5.7 SITL: accepted in flight, motion consistent; not quantitatively verified. PX4: untested (SITL pending)."
offboard,Offboard,set_velocity_ned,async call,(velocity_ned_yaw),Set the velocity in NED coordinates and yaw. Not available for fixed-wing aircraft.,"offboard_set_velocity_ned, [infra: _make_brake]",implemented,P0,"ArduCopter 4.5.7 SITL: works - commanded 2 m/s north, telemetry confirmed 2.0 m/s. PX4: untested (SITL pending)."
offboard,Offboard,start,async call,(),Start offboard control.,offboard_control,implemented,P0,ArduCopter 4.5.7 SITL: works - MavSDK maps offboard to GUIDED mode. PX4: untested (SITL pending).
offboard,Offboard,stop,async call,(),Stop offboard control.,offboard_control,implemented,P0,ArduCopter 4.5.7 SITL: works - vehicle switches to Loiter (reported as HOLD). PX4: untested (SITL pending).
param,Param,get_all_params,async call,(),Get all parameters.,list_parameters,implemented,,
param,Param,get_param_custom,async call,(name),Get a custom parameter.,,missing,,
param,Param,get_param_float,async call,(name),Get a float parameter.,"get_parameter, set_parameter",implemented,,
param,Param,get_param_int,async call,(name),Get an int parameter.,"get_parameter, set_parameter",implemented,,
param,Param,select_component,async call,"(component_id, protocol_version)",Select component ID of parameter component to talk to and param protocol version.,,missing,,
param,Param,set_param_custom,async call,"(name, value)",Set a custom parameter.,,missing,,
param,Param,set_param_float,async call,"(name, value)",Set a float parameter.,set_parameter,implemented,,
param,Param,set_param_int,async call,"(name, value)",Set an int parameter.,set_parameter,implemented,,
param_server,ParamServer,changed_param_custom,stream (async generator),(),Subscribe to changed custom param.,,candidate-N/A,,
param_server,ParamServer,changed_param_float,stream (async generator),(),Subscribe to changed float param.,,candidate-N/A,,
param_server,ParamServer,changed_param_int,stream (async generator),(),Subscribe to changed int param.,,candidate-N/A,,
param_server,ParamServer,provide_param_custom,async call,"(name, value)",Provide a custom parameter.,,candidate-N/A,,
param_server,ParamServer,provide_param_float,async call,"(name, value)",Provide a float parameter.,,candidate-N/A,,
param_server,ParamServer,provide_param_int,async call,"(name, value)",Provide an int parameter.,,candidate-N/A,,
param_server,ParamServer,retrieve_all_params,async call,(),Retrieve all parameters.,,candidate-N/A,,
param_server,ParamServer,retrieve_param_custom,async call,(name),Retrieve a custom parameter.,,candidate-N/A,,
param_server,ParamServer,retrieve_param_float,async call,(name),Retrieve a float parameter.,,candidate-N/A,,
param_server,ParamServer,retrieve_param_int,async call,(name),Retrieve an int parameter.,,candidate-N/A,,
param_server,ParamServer,set_protocol,async call,(extended_protocol),Set param protocol.,,candidate-N/A,,
rtk,Rtk,send_rtcm_data,async call,(rtcm_data),Send RTCM data.,,missing,,
server_utility,ServerUtility,send_status_text,async call,"(type, text)",Sends a statustext.,,missing,,
shell,Shell,receive,stream (async generator),(),Receive feedback from a sent command line.,,missing,P2,
shell,Shell,send,async call,(command),Send a command line.,,missing,P2,
telemetry,Telemetry,actuator_control_target,stream (async generator),(),Subscribe to 'actuator control target' updates.,,missing,,
telemetry,Telemetry,actuator_output_status,stream (async generator),(),Subscribe to 'actuator output status' updates.,,missing,,
telemetry,Telemetry,altitude,stream (async generator),(),Subscribe to 'Altitude' updates.,,missing,,
telemetry,Telemetry,armed,stream (async generator),(),Subscribe to armed updates.,get_armed,implemented,,
telemetry,Telemetry,attitude_angular_velocity_body,stream (async generator),(),Subscribe to 'attitude' updates (angular velocity),,missing,,
telemetry,Telemetry,attitude_euler,stream (async generator),(),Subscribe to 'attitude' updates (Euler).,get_attitude,implemented,,
telemetry,Telemetry,attitude_quaternion,stream (async generator),(),Subscribe to 'attitude' updates (quaternion).,,missing,,
telemetry,Telemetry,battery,stream (async generator),(),Subscribe to 'battery' updates.,get_battery,implemented,,
telemetry,Telemetry,distance_sensor,stream (async generator),(),Subscribe to 'Distance Sensor' updates.,,missing,,
telemetry,Telemetry,fixedwing_metrics,stream (async generator),(),Subscribe to 'fixedwing metrics' updates.,,missing,,
telemetry,Telemetry,flight_mode,stream (async generator),(),Subscribe to 'flight mode' updates.,"get_flight_mode, is_mission_finished, resume_mission, set_flight_mode",implemented,,
telemetry,Telemetry,get_gps_global_origin,async call,(),Get the GPS location of where the estimator has been initialized.,,missing,,
telemetry,Telemetry,gps_info,stream (async generator),(),Subscribe to 'GPS info' updates.,get_gps_info,implemented,,
telemetry,Telemetry,ground_truth,stream (async generator),(),Subscribe to 'ground truth' updates.,,missing,,
telemetry,Telemetry,heading,stream (async generator),(),Subscribe to 'Heading' updates.,"get_heading, [infra: _make_brake]",implemented,,
telemetry,Telemetry,health,stream (async generator),(),Subscribe to 'health' updates.,"get_health, [infra: connect_drone_background]",implemented,,
telemetry,Telemetry,health_all_ok,stream (async generator),(),Subscribe to 'HealthAllOk' updates.,get_health_all_ok,implemented,,
telemetry,Telemetry,home,stream (async generator),(),Subscribe to 'home position' updates.,get_home_position,implemented,,
telemetry,Telemetry,imu,stream (async generator),(),Subscribe to 'IMU' updates (in SI units in NED body frame).,get_imu,implemented,,
telemetry,Telemetry,in_air,stream (async generator),(),Subscribe to in-air updates.,"get_in_air, monitor_flight",implemented,,
telemetry,Telemetry,landed_state,stream (async generator),(),Subscribe to landed state updates,"get_landed_state, monitor_flight",implemented,,
telemetry,Telemetry,odometry,stream (async generator),(),Subscribe to 'odometry' updates.,get_odometry,implemented,,
telemetry,Telemetry,position,stream (async generator),(),Subscribe to 'position' updates.,"check_arrival, get_position, go_to_location, hold_mission_position, hold_position, land, monitor_flight, move_to_relative, reposition, set_flight_mode, set_yaw, takeoff",implemented,,
telemetry,Telemetry,position_velocity_ned,stream (async generator),(),Subscribe to 'position velocity' updates.,,missing,,
telemetry,Telemetry,raw_gps,stream (async generator),(),Subscribe to 'Raw GPS' updates.,,missing,,
telemetry,Telemetry,raw_imu,stream (async generator),(),Subscribe to 'Raw IMU' updates.,,missing,,
telemetry,Telemetry,rc_status,stream (async generator),(),Subscribe to 'RC status' updates.,get_rc_status,implemented,,
telemetry,Telemetry,scaled_imu,stream (async generator),(),Subscribe to 'Scaled IMU' updates.,,missing,,
telemetry,Telemetry,scaled_pressure,stream (async generator),(),Subscribe to 'Scaled Pressure' updates.,,missing,,
telemetry,Telemetry,set_rate_actuator_control_target,async call,(rate_hz),Set rate to 'actuator control target' updates.,,missing,,
telemetry,Telemetry,set_rate_actuator_output_status,async call,(rate_hz),Set rate to 'actuator output status' updates.,,missing,,
telemetry,Telemetry,set_rate_altitude,async call,(rate_hz),Set rate to 'Altitude' updates.,,missing,,
telemetry,Telemetry,set_rate_attitude_euler,async call,(rate_hz),Set rate to 'attitude quaternion' updates.,,missing,,
telemetry,Telemetry,set_rate_attitude_quaternion,async call,(rate_hz),Set rate to 'attitude euler angle' updates.,,missing,,
telemetry,Telemetry,set_rate_battery,async call,(rate_hz),Set rate to 'battery' updates.,,missing,,
telemetry,Telemetry,set_rate_distance_sensor,async call,(rate_hz),Set rate to 'Distance Sensor' updates.,,missing,,
telemetry,Telemetry,set_rate_fixedwing_metrics,async call,(rate_hz),Set rate to 'fixedwing metrics' updates.,,missing,,
telemetry,Telemetry,set_rate_gps_info,async call,(rate_hz),Set rate to 'GPS info' updates.,,missing,,
telemetry,Telemetry,set_rate_ground_truth,async call,(rate_hz),Set rate to 'ground truth' updates.,,missing,,
telemetry,Telemetry,set_rate_home,async call,(rate_hz),Set rate to 'home position' updates.,,missing,,
telemetry,Telemetry,set_rate_imu,async call,(rate_hz),Set rate to 'IMU' updates.,get_imu,implemented,,
telemetry,Telemetry,set_rate_in_air,async call,(rate_hz),Set rate to in-air updates.,,missing,,
telemetry,Telemetry,set_rate_landed_state,async call,(rate_hz),Set rate to landed state updates,,missing,,
telemetry,Telemetry,set_rate_odometry,async call,(rate_hz),Set rate to 'odometry' updates.,,missing,,
telemetry,Telemetry,set_rate_position,async call,(rate_hz),Set rate to 'position' updates.,,missing,,
telemetry,Telemetry,set_rate_position_velocity_ned,async call,(rate_hz),Set rate to 'position velocity' updates.,,missing,,
telemetry,Telemetry,set_rate_raw_imu,async call,(rate_hz),Set rate to 'Raw IMU' updates.,,missing,,
telemetry,Telemetry,set_rate_rc_status,async call,(rate_hz),Set rate to 'RC status' updates.,,missing,,
telemetry,Telemetry,set_rate_scaled_imu,async call,(rate_hz),Set rate to 'Scaled IMU' updates.,,missing,,
telemetry,Telemetry,set_rate_unix_epoch_time,async call,(rate_hz),Set rate to 'unix epoch time' updates.,,missing,,
telemetry,Telemetry,set_rate_velocity_ned,async call,(rate_hz),Set rate of camera attitude updates.,,missing,,
telemetry,Telemetry,set_rate_vtol_state,async call,(rate_hz),Set rate to VTOL state updates,,missing,,
telemetry,Telemetry,status_text,stream (async generator),(),Subscribe to 'status text' updates.,print_status_text,implemented,,
telemetry,Telemetry,unix_epoch_time,stream (async generator),(),Subscribe to 'unix epoch time' updates.,,missing,,
telemetry,Telemetry,velocity_ned,stream (async generator),(),Subscribe to 'ground speed' updates (NED).,"get_speed, go_to_location, monitor_flight",implemented,,
telemetry,Telemetry,vtol_state,stream (async generator),(),subscribe to vtol state Updates,,missing,,
telemetry_server,TelemetryServer,publish_battery,async call,(battery),Publish to 'battery' updates.,,candidate-N/A,,
telemetry_server,TelemetryServer,publish_distance_sensor,async call,(distance_sensor),"Publish to ""distance sensor"" updates.",,candidate-N/A,,
telemetry_server,TelemetryServer,publish_extended_sys_state,async call,"(vtol_state, landed_state)",Publish 'extended sys state' updates.,,candidate-N/A,,
telemetry_server,TelemetryServer,publish_ground_truth,async call,(ground_truth),Publish to 'ground truth' updates.,,candidate-N/A,,
telemetry_server,TelemetryServer,publish_home,async call,(home),Publish to 'home position' updates.,,candidate-N/A,,
telemetry_server,TelemetryServer,publish_imu,async call,(imu),Publish to 'IMU' updates (in SI units in NED body frame).,,candidate-N/A,,
telemetry_server,TelemetryServer,publish_odometry,async call,(odometry),Publish to 'odometry' updates.,,candidate-N/A,,
telemetry_server,TelemetryServer,publish_position,async call,"(position, velocity_ned, heading)",Publish to 'position' updates.,,candidate-N/A,,
telemetry_server,TelemetryServer,publish_position_velocity_ned,async call,(position_velocity_ned),Publish to 'position velocity' updates.,,candidate-N/A,,
telemetry_server,TelemetryServer,publish_raw_gps,async call,"(raw_gps, gps_info)",Publish to 'Raw GPS' updates.,,candidate-N/A,,
telemetry_server,TelemetryServer,publish_raw_imu,async call,(imu),Publish to 'Raw IMU' updates.,,candidate-N/A,,
telemetry_server,TelemetryServer,publish_scaled_imu,async call,(imu),Publish to 'Scaled IMU' updates.,,candidate-N/A,,
telemetry_server,TelemetryServer,publish_status_text,async call,(status_text),Publish to 'status text' updates.,,candidate-N/A,,
telemetry_server,TelemetryServer,publish_sys_status,async call,"(battery, rc_receiver_status, gyro_status, accel_status, mag_status, gps_status)",Publish 'sys status' updates.,,candidate-N/A,,
telemetry_server,TelemetryServer,publish_unix_epoch_time,async call,(time_us),Publish to 'unix epoch time' updates.,,candidate-N/A,,
tracking_server,TrackingServer,respond_tracking_off_command,async call,(command_answer),Respond to an incoming tracking off command.,,candidate-N/A,,
tracking_server,TrackingServer,respond_tracking_point_command,async call,(command_answer),Respond to an incoming tracking point command.,,candidate-N/A,,
tracking_server,TrackingServer,respond_tracking_rectangle_command,async call,(command_answer),Respond to an incoming tracking rectangle command.,,candidate-N/A,,
tracking_server,TrackingServer,set_tracking_off_status,async call,(),Set the current tracking status to off.,,candidate-N/A,,
tracking_server,TrackingServer,set_tracking_point_status,async call,(tracked_point),Set/update the current point tracking status.,,candidate-N/A,,
tracking_server,TrackingServer,set_tracking_rectangle_status,async call,(tracked_rectangle),Set/update the current rectangle tracking status.,,candidate-N/A,,
tracking_server,TrackingServer,tracking_off_command,stream (async generator),(),Subscribe to incoming tracking off command.,,candidate-N/A,,
tracking_server,TrackingServer,tracking_point_command,stream (async generator),(),Subscribe to incoming tracking point command.,,candidate-N/A,,
tracking_server,TrackingServer,tracking_rectangle_command,stream (async generator),(),Subscribe to incoming tracking rectangle command.,,candidate-N/A,,
transponder,Transponder,set_rate_transponder,async call,(rate_hz),Set rate to 'transponder' updates.,,missing,P2,
transponder,Transponder,transponder,stream (async generator),(),Subscribe to 'transponder' updates.,,missing,P2,
tune,Tune,play_tune,async call,(tune_description),Send a tune to be played by the system.,,missing,P2,
winch,Winch,abandon_line,async call,(instance),Spool out the entire length of the line.,,missing,,
winch,Winch,deliver,async call,(instance),"Sequence of drop, slow down, touch down, reel up, lock.",,missing,,
winch,Winch,hold,async call,(instance),Engage motor and hold current position.,,missing,,
winch,Winch,load_line,async call,(instance),Load the reel with line.,,missing,,
winch,Winch,load_payload,async call,(instance),Spools out just enough to present the hook to the user to load the payload.,,missing,,
winch,Winch,lock,async call,(instance),Perform the locking sequence to relieve motor while in the fully retracted position.,,missing,,
winch,Winch,rate_control,async call,"(instance, rate_m_s)",Wind or unwind line at specified rate.,,missing,,
winch,Winch,relative_length_control,async call,"(instance, length_m, rate_m_s)","Wind or unwind specified length of line, optionally using specified rate.",,missing,,
winch,Winch,relax,async call,(instance),Allow motor to freewheel.,,missing,,
winch,Winch,retract,async call,(instance),Return the reel to the fully retracted position.,,missing,,
winch,Winch,status,stream (async generator),(),Subscribe to 'winch status' updates.,,missing,,
