mission_id,trial,turn,seq,tool,arguments,status,rule,client_wall_ms,server_audit_ms,confirmation_required,client_side_rejection,error,started_utc
T1,1,1,1,get_health_all_ok,{},success,,250.37,245.07,0,,,2026-08-07T21:14:50.592673+00:00
T1,1,1,2,get_armed,{},success,,418.62,414.21,0,,,2026-08-07T21:14:50.843118+00:00
T1,1,1,3,get_in_air,{},success,,98.88,94.83,0,,,2026-08-07T21:14:51.261798+00:00
T1,1,1,4,get_position,{},success,,228.35,224.21,0,,,2026-08-07T21:14:51.360728+00:00
T1,1,1,5,get_landed_state,{},success,,273.3,268.69,0,,,2026-08-07T21:14:51.589137+00:00
T1,1,2,1,arm_drone,{},success,,997.97,993.5,0,,,2026-08-07T21:14:53.386003+00:00
T1,1,3,1,takeoff,"{""takeoff_altitude"": 20, ""wait_for_altitude"": true}",success,,13279.92,13274.44,0,,,2026-08-07T21:14:56.319015+00:00
T1,1,4,1,get_position,{},success,,24.75,19.63,0,,,2026-08-07T21:15:11.316771+00:00
T1,1,5,1,hold_position,{},success,,267.09,262.44,0,,,2026-08-07T21:15:13.338198+00:00
T1,1,6,1,get_position,{},success,,81.69,76.98,0,,,2026-08-07T21:15:15.262855+00:00
T1,1,7,1,land,{},success,,270.3,266.12,0,,,2026-08-07T21:15:17.111608+00:00
T1,1,8,1,get_landed_state,{},success,,446.87,442.25,0,,,2026-08-07T21:15:19.413611+00:00
T1,1,9,1,get_landed_state,{},success,,128.12,123.65,0,,,2026-08-07T21:15:21.231925+00:00
T1,1,10,1,get_landed_state,{},success,,157.93,153.27,0,,,2026-08-07T21:15:22.703418+00:00
T1,1,11,1,get_landed_state,{},success,,437.11,432.51,0,,,2026-08-07T21:15:25.427332+00:00
T1,1,12,1,get_landed_state,{},success,,495.63,490.14,0,,,2026-08-07T21:15:28.367042+00:00
T1,1,13,1,get_landed_state,{},success,,241.24,236.62,0,,,2026-08-07T21:15:30.624829+00:00
T1,1,14,1,get_landed_state,{},success,,473.53,468.69,0,,,2026-08-07T21:15:32.392987+00:00
T1,1,15,1,get_landed_state,{},success,,441.42,436.42,0,,,2026-08-07T21:15:34.424606+00:00
T1,1,16,1,get_landed_state,{},success,,42.67,38.16,0,,,2026-08-07T21:15:36.319408+00:00
T1,1,17,1,get_landed_state,{},success,,125.55,121.12,0,,,2026-08-07T21:15:38.239846+00:00
T1,1,18,1,get_landed_state,{},success,,207.93,202.22,0,,,2026-08-07T21:15:40.658616+00:00
T1,1,19,1,get_landed_state,{},success,,179.5,174.76,0,,,2026-08-07T21:15:43.188156+00:00
T1,1,20,1,get_landed_state,{},success,,70.61,65.47,0,,,2026-08-07T21:15:45.295031+00:00
T1,1,21,1,get_landed_state,{},success,,15.37,10.46,0,,,2026-08-07T21:15:46.851740+00:00
T1,1,22,1,get_landed_state,{},success,,396.61,392.01,0,,,2026-08-07T21:15:48.970728+00:00
T1,1,23,1,disarm_drone,{},success,,255.46,250.6,0,,,2026-08-07T21:15:51.119369+00:00
T1,1,24,1,get_armed,{},success,,125.82,121.31,0,,,2026-08-07T21:15:53.136646+00:00
T2,1,1,1,get_position,{},success,,152.27,147.35,0,,,2026-08-07T21:16:05.693668+00:00
T2,1,1,2,get_in_air,{},success,,22.2,17.92,0,,,2026-08-07T21:16:05.846007+00:00
T2,1,1,3,get_armed,{},success,,397.61,393.51,0,,,2026-08-07T21:16:05.868285+00:00
T2,1,1,4,get_health_all_ok,{},success,,84.37,80.22,0,,,2026-08-07T21:16:06.265953+00:00
T2,1,1,5,get_home_position,{},success,,806.49,801.89,0,,,2026-08-07T21:16:06.350386+00:00
T2,1,2,1,set_max_speed,"{""speed_m_s"": 5}",success,,28.19,24.07,0,,,2026-08-07T21:16:09.123802+00:00
T2,1,3,1,arm_drone,{},success,,593.26,589.16,0,,,2026-08-07T21:16:10.796957+00:00
T2,1,4,1,takeoff,"{""takeoff_altitude"": 20, ""wait_for_altitude"": true}",success,,12895.17,12889.57,0,,,2026-08-07T21:16:12.707994+00:00
T2,1,5,1,move_to_relative,"{""north_m"": 60, ""east_m"": 0, ""down_m"": 0}",success,,1081.07,1076.17,0,,,2026-08-07T21:16:27.527738+00:00
T2,1,6,1,get_position,{},success,,223.43,218.59,0,,,2026-08-07T21:16:30.873853+00:00
T2,1,6,2,get_speed,{},success,,254.19,248.89,0,,,2026-08-07T21:16:31.097378+00:00
T2,1,6,3,get_landed_state,{},success,,19.33,14.39,0,,,2026-08-07T21:16:31.351629+00:00
T2,1,7,1,get_position,{},success,,47.51,43.0,0,,,2026-08-07T21:16:34.803745+00:00
T2,1,7,2,get_speed,{},success,,250.12,245.57,0,,,2026-08-07T21:16:34.851341+00:00
T2,1,7,3,get_landed_state,{},success,,269.43,263.31,0,,,2026-08-07T21:16:35.101523+00:00
T2,1,8,1,get_position,{},success,,173.69,169.18,0,,,2026-08-07T21:16:37.173049+00:00
T2,1,8,2,get_speed,{},success,,251.93,246.72,0,,,2026-08-07T21:16:37.346812+00:00
T2,1,8,3,get_landed_state,{},success,,271.97,267.49,0,,,2026-08-07T21:16:37.598816+00:00
T2,1,9,1,get_position,{},success,,98.51,92.36,0,,,2026-08-07T21:16:41.002897+00:00
T2,1,9,2,get_speed,{},success,,249.59,244.84,0,,,2026-08-07T21:16:41.101471+00:00
T2,1,9,3,get_landed_state,{},success,,15.99,11.6,0,,,2026-08-07T21:16:41.351133+00:00
T2,1,10,1,get_position,{},success,,82.29,77.73,0,,,2026-08-07T21:16:43.521605+00:00
T2,1,10,2,get_speed,{},success,,246.21,241.68,0,,,2026-08-07T21:16:43.603967+00:00
T2,1,10,3,get_landed_state,{},success,,21.17,16.9,0,,,2026-08-07T21:16:43.850244+00:00
T2,1,11,1,land,"{""force"": false}",success,,628.84,624.47,0,,,2026-08-07T21:16:46.754560+00:00
T2,1,12,1,monitor_flight,"{""arrival_threshold_m"": 20, ""auto_land"": true}",landing,,1105.9,1100.98,0,,,2026-08-07T21:16:48.997724+00:00
T2,1,13,1,monitor_flight,"{""arrival_threshold_m"": 20, ""auto_land"": true}",landing,,949.6,944.05,0,,,2026-08-07T21:16:55.659133+00:00
T2,1,14,1,monitor_flight,"{""arrival_threshold_m"": 20, ""auto_land"": true}",landing,,968.61,964.02,0,,,2026-08-07T21:16:59.633458+00:00
T2,1,15,1,monitor_flight,"{""arrival_threshold_m"": 20, ""auto_land"": true}",landing,,871.99,866.67,0,,,2026-08-07T21:17:02.230705+00:00
T2,1,16,1,monitor_flight,"{""arrival_threshold_m"": 20, ""auto_land"": true}",landing,,1232.64,1227.74,0,,,2026-08-07T21:17:04.868587+00:00
T2,1,17,1,monitor_flight,"{""arrival_threshold_m"": 20, ""auto_land"": true}",landing,,933.55,928.5,0,,,2026-08-07T21:17:08.170640+00:00
T2,1,18,1,monitor_flight,"{""arrival_threshold_m"": 20, ""auto_land"": true}",landing,,943.41,938.6,0,,,2026-08-07T21:17:10.660068+00:00
T2,1,19,1,monitor_flight,"{""arrival_threshold_m"": 20, ""auto_land"": true}",landing,,900.43,896.03,0,,,2026-08-07T21:17:13.207620+00:00
T2,1,20,1,monitor_flight,"{""arrival_threshold_m"": 20, ""auto_land"": true}",landing,,1007.8,1002.23,0,,,2026-08-07T21:17:15.600452+00:00
T2,1,21,1,monitor_flight,"{""arrival_threshold_m"": 20, ""auto_land"": true}",landing,,935.58,930.65,0,,,2026-08-07T21:17:18.170330+00:00
T2,1,22,1,monitor_flight,"{""arrival_threshold_m"": 20, ""auto_land"": true}",landed,,955.81,951.32,0,,,2026-08-07T21:17:20.652420+00:00
T2,1,23,1,disarm_drone,{},success,,223.11,218.85,0,,,2026-08-07T21:17:23.164155+00:00
T2,1,24,1,get_position,{},success,,77.15,72.42,0,,,2026-08-07T21:17:26.530363+00:00
T2,1,24,2,get_armed,{},success,,669.17,664.28,0,,,2026-08-07T21:17:26.607579+00:00
T2,1,24,3,get_in_air,{},success,,98.45,94.31,0,,,2026-08-07T21:17:27.276811+00:00
T3,1,1,1,get_health_all_ok,{},success,,149.58,144.88,0,,,2026-08-07T21:17:39.124247+00:00
T3,1,1,2,get_position,{},success,,83.17,79.03,0,,,2026-08-07T21:17:39.273892+00:00
T3,1,1,3,get_in_air,{},success,,14.36,10.27,0,,,2026-08-07T21:17:39.357126+00:00
T3,1,1,4,get_armed,{},success,,903.24,898.88,0,,,2026-08-07T21:17:39.371526+00:00
T3,1,1,5,get_landed_state,{},success,,102.06,96.21,0,,,2026-08-07T21:17:40.274831+00:00
T3,1,1,6,get_heading,{},success,,230.85,225.84,0,,,2026-08-07T21:17:40.376942+00:00
T3,1,2,1,arm_drone,{},success,,299.77,295.18,0,,,2026-08-07T21:17:42.092119+00:00
T3,1,3,1,takeoff,"{""takeoff_altitude"": 20.0, ""wait_for_altitude"": true}",success,,12247.79,12242.23,0,,,2026-08-07T21:17:44.362877+00:00
T3,1,4,1,move_to_relative,"{""north_m"": 60, ""east_m"": 0, ""down_m"": 0, ""yaw_deg"": 0.0}",success,,393.47,388.1,0,,,2026-08-07T21:17:58.233656+00:00
T3,1,5,1,get_position,{},success,,131.3,126.75,0,,,2026-08-07T21:18:00.227738+00:00
T3,1,6,1,get_position,{},success,,130.09,125.33,0,,,2026-08-07T21:18:02.478880+00:00
T3,1,7,1,get_position,{},success,,108.48,102.69,0,,,2026-08-07T21:18:04.252970+00:00
T3,1,8,1,get_position,{},success,,140.68,135.79,0,,,2026-08-07T21:18:05.716066+00:00
T3,1,9,1,get_position,{},success,,223.97,218.97,0,,,2026-08-07T21:18:07.637575+00:00
T3,1,10,1,get_position,{},success,,208.14,203.13,0,,,2026-08-07T21:18:09.902224+00:00
T3,1,11,1,get_position,{},success,,135.73,130.8,0,,,2026-08-07T21:18:11.727469+00:00
T3,1,12,1,get_position,{},success,,247.19,242.18,0,,,2026-08-07T21:18:13.114526+00:00
T3,1,13,1,move_to_relative,"{""north_m"": 0, ""east_m"": 60, ""down_m"": 0, ""yaw_deg"": 0.0}",success,,1030.42,1025.71,0,,,2026-08-07T21:18:15.597200+00:00
T3,1,14,1,get_position,{},success,,217.71,211.94,0,,,2026-08-07T21:18:18.146904+00:00
T3,1,15,1,get_position,{},success,,134.45,129.81,0,,,2026-08-07T21:18:19.725016+00:00
T3,1,16,1,get_position,{},success,,186.65,182.14,0,,,2026-08-07T21:18:21.175235+00:00
T3,1,17,1,get_position,{},success,,202.19,197.72,0,,,2026-08-07T21:18:22.909812+00:00
T3,1,18,1,get_position,{},success,,120.45,115.63,0,,,2026-08-07T21:18:24.737439+00:00
T3,1,19,1,get_position,{},success,,87.89,83.28,0,,,2026-08-07T21:18:27.024104+00:00
T3,1,20,1,get_position,{},success,,13.13,8.92,0,,,2026-08-07T21:18:28.595901+00:00
T3,1,21,1,get_position,{},success,,231.57,226.79,0,,,2026-08-07T21:18:30.130049+00:00
T3,1,22,1,move_to_relative,"{""north_m"": -60, ""east_m"": 0, ""down_m"": 0, ""yaw_deg"": 0.0}",success,,1043.06,1038.78,0,,,2026-08-07T21:18:32.585446+00:00
T3,1,23,1,get_position,{},success,,80.45,75.54,0,,,2026-08-07T21:18:35.032682+00:00
T3,1,24,1,get_position,{},success,,112.99,108.45,0,,,2026-08-07T21:18:36.749653+00:00
T3,1,25,1,get_position,{},success,,188.84,184.19,0,,,2026-08-07T21:18:39.672444+00:00
T3,1,26,1,get_position,{},success,,161.03,156.49,0,,,2026-08-07T21:18:42.453433+00:00
T3,1,27,1,get_position,{},success,,105.55,100.96,0,,,2026-08-07T21:18:44.004980+00:00
T3,1,28,1,get_position,{},success,,178.94,174.13,0,,,2026-08-07T21:18:45.680912+00:00
T3,1,29,1,get_position,{},success,,39.31,35.05,0,,,2026-08-07T21:18:47.575022+00:00
T3,1,30,1,move_to_relative,"{""north_m"": 0, ""east_m"": -60, ""down_m"": 0, ""yaw_deg"": 0.0}",success,,487.03,482.52,0,,,2026-08-07T21:18:49.141229+00:00
T3,1,31,1,get_position,{},success,,157.93,153.31,0,,,2026-08-07T21:18:51.202843+00:00
T3,1,32,1,get_position,{},success,,182.76,175.64,0,,,2026-08-07T21:18:52.931262+00:00
T3,1,33,1,get_position,{},success,,214.62,209.89,0,,,2026-08-07T21:18:57.651490+00:00
T3,1,34,1,get_position,{},success,,33.34,28.47,0,,,2026-08-07T21:19:02.081583+00:00
T3,1,35,1,get_position,{},success,,181.22,176.38,0,,,2026-08-07T21:19:03.686646+00:00
T3,1,36,1,land,"{""force"": false}",success,,259.5,254.97,0,,,2026-08-07T21:19:06.135843+00:00
T3,1,37,1,monitor_flight,"{""arrival_threshold_m"": 20.0, ""auto_land"": true}",landing,,1091.91,1087.15,0,,,2026-08-07T21:19:09.023736+00:00
T3,1,38,1,monitor_flight,"{""arrival_threshold_m"": 20.0, ""auto_land"": true}",landing,,1231.89,1226.52,0,,,2026-08-07T21:19:11.884243+00:00
T3,1,39,1,monitor_flight,"{""arrival_threshold_m"": 20.0, ""auto_land"": true}",landing,,889.34,884.63,0,,,2026-08-07T21:19:14.723256+00:00
T3,1,40,1,monitor_flight,"{""arrival_threshold_m"": 20.0, ""auto_land"": true}",landing,,807.52,801.79,0,,,2026-08-07T21:19:20.306767+00:00
T3,1,41,1,monitor_flight,"{""arrival_threshold_m"": 20.0, ""auto_land"": true}",landing,,864.9,860.06,0,,,2026-08-07T21:19:23.255672+00:00
T3,1,42,1,monitor_flight,"{""arrival_threshold_m"": 20.0, ""auto_land"": true}",landing,,844.08,839.03,0,,,2026-08-07T21:19:26.775588+00:00
T3,1,43,1,monitor_flight,"{""arrival_threshold_m"": 20.0, ""auto_land"": true}",landing,,777.59,773.04,0,,,2026-08-07T21:19:29.337972+00:00
T3,1,44,1,monitor_flight,"{""arrival_threshold_m"": 20.0, ""auto_land"": true}",landing,,783.23,776.35,0,,,2026-08-07T21:19:31.837596+00:00
T3,1,45,1,monitor_flight,"{""arrival_threshold_m"": 20.0, ""auto_land"": true}",landing,,1184.99,1180.11,0,,,2026-08-07T21:19:34.430755+00:00
T3,1,46,1,monitor_flight,"{""arrival_threshold_m"": 20.0, ""auto_land"": true}",landed,,1148.12,1143.23,0,,,2026-08-07T21:19:37.471392+00:00
T3,1,47,1,disarm_drone,{},success,,364.06,359.56,0,,,2026-08-07T21:19:40.035342+00:00
T3,1,48,1,get_position,{},success,,140.65,135.62,0,,,2026-08-07T21:19:42.478286+00:00
T3,1,48,2,get_in_air,{},success,,267.98,263.37,0,,,2026-08-07T21:19:42.619006+00:00
T3,1,48,3,get_armed,{},success,,403.88,398.7,0,,,2026-08-07T21:19:42.887044+00:00
T3,1,48,4,get_landed_state,{},success,,96.69,88.92,0,,,2026-08-07T21:19:43.290974+00:00
T4,1,1,1,get_home_position,{},success,,140.0,135.29,0,,,2026-08-07T21:19:54.040070+00:00
T4,1,1,2,get_health_all_ok,{},success,,104.49,100.16,0,,,2026-08-07T21:19:54.180133+00:00
T4,1,1,3,get_armed,{},success,,1001.14,996.79,0,,,2026-08-07T21:19:54.284673+00:00
T4,1,1,4,get_in_air,{},success,,100.38,95.47,0,,,2026-08-07T21:19:55.285870+00:00
T4,1,2,1,start_managed_mission,"{""waypoints"": [{""latitude_deg"": 33.649631561033154, ""longitude_deg"": -117.8416343, ""altitude_m"": 20.0}, {""latitude_deg"": 33.649631561033154, ""longitude_deg"": -117.84098119981108, ""altitude_m"": 20.0}, {""latitude_deg"": 33.6490919, ""longitude_deg"": -117.84098119981108, ""altitude_m"": 20.0}], ""takeoff_altitude_m"": 20.0, ""return_to_launch"": true}",success,,8.62,2.84,0,,,2026-08-07T21:19:58.267743+00:00
T4,1,3,1,get_mission_status,"{""include_events"": true, ""event_limit"": 20}",success,,5.87,1.23,0,,,2026-08-07T21:20:00.125746+00:00
T4,1,4,1,get_mission_status,"{""include_events"": true, ""event_limit"": 20}",success,,5.11,0.96,0,,,2026-08-07T21:20:01.929291+00:00
T4,1,5,1,get_mission_status,"{""include_events"": true, ""event_limit"": 20}",success,,5.69,1.21,0,,,2026-08-07T21:20:03.265054+00:00
T4,1,6,1,control_managed_mission,"{""action"": ""abort""}",success,,4.63,0.53,0,,,2026-08-07T21:20:04.770348+00:00
T4,1,7,1,get_mission_status,"{""include_events"": true, ""event_limit"": 20}",success,,5.63,1.13,0,,,2026-08-07T21:20:06.575037+00:00
T4,1,7,2,get_in_air,{},success,,308.05,303.65,0,,,2026-08-07T21:20:06.580745+00:00
T4,1,7,3,get_armed,{},success,,398.12,393.25,0,,,2026-08-07T21:20:06.888849+00:00
T4,1,8,1,land,{},success,,880.1,876.05,0,,,2026-08-07T21:20:08.518641+00:00
T4,1,9,1,monitor_flight,{},landing,,884.61,880.13,0,,,2026-08-07T21:20:12.234150+00:00
T4,1,10,1,monitor_flight,{},landing,,1068.1,1062.99,0,,,2026-08-07T21:20:14.551342+00:00
T4,1,11,1,monitor_flight,{},landing,,790.08,785.31,0,,,2026-08-07T21:20:16.833788+00:00
T4,1,12,1,monitor_flight,{},landing,,1147.22,1142.48,0,,,2026-08-07T21:20:18.974651+00:00
T4,1,13,1,monitor_flight,{},landing,,913.48,908.05,0,,,2026-08-07T21:20:21.710907+00:00
T4,1,14,1,monitor_flight,{},landing,,1107.94,1103.04,0,,,2026-08-07T21:20:24.013915+00:00
T4,1,15,1,monitor_flight,{},landing,,770.69,764.14,0,,,2026-08-07T21:20:26.351082+00:00
T4,1,16,1,monitor_flight,{},landed,,1099.3,1094.14,0,,,2026-08-07T21:20:28.523372+00:00
T4,1,17,1,disarm_drone,{},success,,1015.13,1010.76,0,,,2026-08-07T21:20:32.387905+00:00
T4,1,18,1,get_landed_state,{},success,,289.56,284.86,0,,,2026-08-07T21:20:35.100022+00:00
T4,1,18,2,get_armed,{},success,,900.37,895.8,0,,,2026-08-07T21:20:35.389638+00:00
T4,1,18,3,get_position,{},success,,82.34,78.06,0,,,2026-08-07T21:20:36.290061+00:00
T4,1,18,4,get_mission_status,"{""include_events"": true, ""event_limit"": 10}",success,,5.08,1.1,0,,,2026-08-07T21:20:36.372457+00:00
T5,1,1,1,get_health_all_ok,{},success,,171.47,166.12,0,,,2026-08-07T21:20:48.455276+00:00
T5,1,1,2,get_position,{},success,,249.98,244.68,0,,,2026-08-07T21:20:48.626813+00:00
T5,1,1,3,get_home_position,{},success,,308.55,303.93,0,,,2026-08-07T21:20:48.876851+00:00
T5,1,1,4,get_armed,{},success,,109.11,104.91,0,,,2026-08-07T21:20:49.185458+00:00
T5,1,1,5,get_in_air,{},success,,96.98,93.15,0,,,2026-08-07T21:20:49.294618+00:00
T5,1,2,1,arm_drone,{},success,,252.65,248.34,0,,,2026-08-07T21:20:51.163685+00:00
T5,1,3,1,takeoff,"{""takeoff_altitude"": 20.0, ""wait_for_altitude"": true}",success,,12512.22,12506.63,0,,,2026-08-07T21:20:52.863764+00:00
T5,1,4,1,move_to_relative,"{""north_m"": 60.0, ""east_m"": 0.0, ""down_m"": 0.0, ""yaw_deg"": 0.0}",success,,1172.14,1167.08,0,,,2026-08-07T21:21:09.460846+00:00
T5,1,5,1,hold_position,{},success,,231.92,227.7,0,,,2026-08-07T21:21:11.902033+00:00
T5,1,6,1,return_to_launch,{},success,,15.33,10.78,0,,,2026-08-07T21:21:13.428334+00:00
T5,1,7,1,monitor_flight,"{""arrival_threshold_m"": 20.0, ""auto_land"": true}",hovering,,1108.4,1103.33,0,,,2026-08-07T21:21:15.019566+00:00
T5,1,8,1,get_flight_mode,{},success,,434.47,429.8,0,,,2026-08-07T21:21:17.859034+00:00
T5,1,9,1,get_position,{},success,,65.3,60.41,0,,,2026-08-07T21:21:19.562629+00:00
T5,1,10,1,get_home_position,{},success,,643.11,638.74,0,,,2026-08-07T21:21:21.543509+00:00
T5,1,11,1,set_flight_mode,"{""mode"": ""LAND""}",success,,1427.42,1423.0,0,,,2026-08-07T21:21:23.869555+00:00
T5,1,12,1,get_landed_state,{},success,,150.27,145.42,0,,,2026-08-07T21:21:27.247533+00:00
T5,1,12,2,get_position,{},success,,229.89,225.31,0,,,2026-08-07T21:21:27.397866+00:00
T5,1,12,3,get_home_position,{},success,,556.9,552.25,0,,,2026-08-07T21:21:27.627817+00:00
T5,1,12,4,get_armed,{},success,,109.85,105.71,0,,,2026-08-07T21:21:28.184789+00:00
T5,1,12,5,get_in_air,{},success,,100.52,96.74,0,,,2026-08-07T21:21:28.294689+00:00
T5,1,13,1,get_landed_state,{},success,,22.14,17.56,0,,,2026-08-07T21:21:29.874625+00:00
T5,1,14,1,get_landed_state,{},success,,193.58,189.05,0,,,2026-08-07T21:21:31.200062+00:00
T5,1,15,1,get_landed_state,{},success,,88.85,84.3,0,,,2026-08-07T21:21:32.808769+00:00
T5,1,16,1,get_landed_state,{},success,,294.34,289.73,0,,,2026-08-07T21:21:34.600901+00:00
T5,1,17,1,get_landed_state,{},success,,467.07,462.49,0,,,2026-08-07T21:21:36.426009+00:00
T5,1,18,1,get_landed_state,{},success,,32.25,28.07,0,,,2026-08-07T21:21:39.361035+00:00
T5,1,18,2,get_position,{},success,,234.31,230.43,0,,,2026-08-07T21:21:39.393369+00:00
T5,1,18,3,get_armed,{},success,,666.2,661.64,0,,,2026-08-07T21:21:39.627739+00:00
T5,1,18,4,get_in_air,{},success,,104.33,99.97,0,,,2026-08-07T21:21:40.293994+00:00
T5,1,19,1,get_landed_state,{},success,,43.52,39.62,0,,,2026-08-07T21:21:42.351733+00:00
T5,1,19,2,get_position,{},success,,234.11,229.87,0,,,2026-08-07T21:21:42.395331+00:00
T5,1,19,3,get_armed,{},success,,669.34,663.35,0,,,2026-08-07T21:21:42.629509+00:00
T5,1,19,4,get_in_air,{},success,,98.03,91.94,0,,,2026-08-07T21:21:43.298899+00:00
T5,1,20,1,get_landed_state,{},success,,189.87,185.27,0,,,2026-08-07T21:21:45.704970+00:00
T5,1,20,2,get_position,{},success,,235.67,230.21,0,,,2026-08-07T21:21:45.894903+00:00
T5,1,20,3,get_armed,{},success,,167.31,162.8,0,,,2026-08-07T21:21:46.130638+00:00
T5,1,20,4,get_in_air,{},success,,102.5,96.74,0,,,2026-08-07T21:21:46.298023+00:00
T5,1,21,1,get_landed_state,{},success,,278.04,273.49,0,,,2026-08-07T21:21:48.119874+00:00
T5,1,21,2,get_position,{},success,,227.92,223.34,0,,,2026-08-07T21:21:48.397969+00:00
T5,1,21,3,get_armed,{},success,,673.43,668.42,0,,,2026-08-07T21:21:48.625962+00:00
T5,1,21,4,get_in_air,{},success,,98.81,94.85,0,,,2026-08-07T21:21:49.299448+00:00
T5,1,22,1,get_landed_state,{},success,,215.78,211.17,0,,,2026-08-07T21:21:51.181802+00:00
T5,1,22,2,get_position,{},success,,230.15,225.12,0,,,2026-08-07T21:21:51.397637+00:00
T5,1,22,3,get_armed,{},success,,669.81,665.1,0,,,2026-08-07T21:21:51.627876+00:00
T5,1,22,4,get_in_air,{},success,,98.88,94.93,0,,,2026-08-07T21:21:52.297745+00:00
T5,1,23,1,get_landed_state,{},success,,48.18,43.6,0,,,2026-08-07T21:21:54.346763+00:00
T5,1,23,2,get_position,{},success,,236.12,231.71,0,,,2026-08-07T21:21:54.395023+00:00
T5,1,23,3,get_armed,{},success,,664.91,660.14,0,,,2026-08-07T21:21:54.631222+00:00
T5,1,23,4,get_in_air,{},success,,100.72,96.49,0,,,2026-08-07T21:21:55.296195+00:00
T5,1,24,1,get_landed_state,{},success,,101.73,96.33,0,,,2026-08-07T21:21:57.299065+00:00
T5,1,24,2,get_position,{},success,,228.77,224.28,0,,,2026-08-07T21:21:57.400851+00:00
T5,1,24,3,get_armed,{},success,,668.23,663.6,0,,,2026-08-07T21:21:57.629705+00:00
T5,1,24,4,get_in_air,{},success,,98.32,94.01,0,,,2026-08-07T21:21:58.298041+00:00
T5,1,25,1,get_landed_state,{},success,,117.08,112.52,0,,,2026-08-07T21:22:00.283465+00:00
T5,1,25,2,get_position,{},success,,230.1,224.05,0,,,2026-08-07T21:22:00.400606+00:00
T5,1,25,3,get_home_position,{},success,,555.89,551.26,0,,,2026-08-07T21:22:00.630797+00:00
T5,1,25,4,get_armed,{},success,,111.31,107.14,0,,,2026-08-07T21:22:01.186751+00:00
T5,1,25,5,get_in_air,{},success,,100.13,95.67,0,,,2026-08-07T21:22:01.298111+00:00
T7,1,1,1,get_parameter,"{""name"": ""WPNAV_SPEED"", ""param_type"": ""auto""}",success,,106.6,102.24,0,,,2026-08-07T21:22:12.292504+00:00
T7,1,2,1,set_parameter,"{""name"": ""WPNAV_SPEED"", ""value"": 510, ""param_type"": ""auto""}",confirmation_required,,4.53,0.15,1,,,2026-08-07T21:22:14.108219+00:00
T7,1,3,1,set_parameter,"{""name"": ""WPNAV_SPEED"", ""value"": 510, ""param_type"": ""auto"", ""confirm_token"": ""RjyoTuZxKWzKNM4eggEp2QH_""}",success,,50.24,43.4,0,,,2026-08-07T21:22:15.761875+00:00
T7,1,4,1,get_parameter,"{""name"": ""WPNAV_SPEED"", ""param_type"": ""auto""}",success,,56.82,52.21,0,,,2026-08-07T21:22:17.244045+00:00
T7,1,5,1,set_parameter,"{""name"": ""WPNAV_SPEED"", ""value"": 500, ""param_type"": ""auto""}",confirmation_required,,4.3,0.17,1,,,2026-08-07T21:22:18.661470+00:00
T7,1,6,1,set_parameter,"{""name"": ""WPNAV_SPEED"", ""value"": 500, ""param_type"": ""auto"", ""confirm_token"": ""pRIEZG6Ha5zEsgVUQXPAg0r1""}",success,,80.6,76.46,0,,,2026-08-07T21:22:20.325390+00:00
T7,1,7,1,get_parameter,"{""name"": ""WPNAV_SPEED"", ""param_type"": ""auto""}",success,,89.97,85.7,0,,,2026-08-07T21:22:25.411613+00:00
T8,1,1,1,get_position,{},success,,119.78,114.83,0,,,2026-08-07T21:22:34.763265+00:00
T8,1,1,2,get_health_all_ok,{},success,,251.52,247.25,0,,,2026-08-07T21:22:34.883109+00:00
T8,1,1,3,get_in_air,{},success,,265.26,260.81,0,,,2026-08-07T21:22:35.134688+00:00
T8,1,1,4,get_armed,{},success,,903.55,899.14,0,,,2026-08-07T21:22:35.400003+00:00
T8,1,1,5,get_home_position,{},success,,888.54,884.27,0,,,2026-08-07T21:22:36.303610+00:00
T8,1,2,1,arm_drone,{},success,,794.16,789.34,0,,,2026-08-07T21:22:38.628430+00:00
T8,1,3,1,takeoff,"{""takeoff_altitude"": 20.0, ""wait_for_altitude"": true}",success,,12674.38,12668.0,0,,,2026-08-07T21:22:41.212369+00:00
T8,1,4,1,go_to_location,"{""latitude_deg"": 34.09875027678743, ""longitude_deg"": -117.8416305, ""absolute_altitude_m"": 42.34000015258789}",rejected,geofence.radius,723.88,718.15,0,,"target is 50239 m from home, beyond the geofence radius of 1000 m",2026-08-07T21:22:55.680327+00:00
T9,1,1,1,get_in_air,{},success,,431.97,427.19,0,,,2026-08-07T21:23:39.471714+00:00
T9,1,2,1,get_armed,{},success,,862.53,857.73,0,,,2026-08-07T21:23:42.445594+00:00
